Workbook

Sheet Instructions
A1: NIS2 Compliance Gap Assessment & Crosswalk Tool
A3: Purpose
A4: This tool helps organizations assess their NIS2 compliance readiness and identify efficiency opportunities through integrated compliance planning.
A6: How to Use This Tool
A7: Step 1 | B7: Review NIS2 Article 21 Requirements tab to understand all security measures
A8: Step 2 | B8: Complete the Gap Assessment tab by scoring your current implementation (0-3 scale)
A9: Step 3 | B9: Review GDPR and ISO 27001 Crosswalks to identify overlap opportunities
A10: Step 4 | B10: Use Priority & Roadmap tab to sequence implementation based on risk and compliance timeline
A11: Step 5 | B11: Reference Compliance Dashboard for executive summary and status tracking
A13: Scoring Guide for Gap Assessment
A14: Score | B14: Description
A15: 0 - Not Implemented | B15: No controls or processes in place
A16: 1 - Initial | B16: Ad-hoc or informal processes; minimal documentation
A17: 2 - Developing | B17: Documented processes; inconsistent implementation
A18: 3 - Mature | B18: Consistent implementation; regularly reviewed and updated
A20: Color Coding
A21: Blue text: User input cells
A22: Yellow background: Areas requiring attention or input
A23: Orange background: Critical compliance gaps identified
A24: Green background: Controls meeting requirements
A26: vCISO Value Indicators
A27: Throughout this tool, you will see indicators showing where virtual CISO expertise typically adds significant value:
A28: 🔧 Technical Complexity - Requires specialized security architecture knowledge
A29: 📋 Process Design - Needs experience designing security processes at scale
A30: ⚖️ Risk Assessment - Requires risk quantification and business context expertise
A31: 🔄 Ongoing Management - Benefits from continuous expert oversight and optimization

Sheet NIS2 Requirements
A1: ID | B1: Article 21(2) Measure | C1: Specific Requirement | D1: Regulatory Language | E1: Baseline Control | F1: Enhanced Control | G1: vCISO Value
A2: 21.2.a | B2: Risk Analysis & Information Security Policies | C2: Policies for risk analysis | D2: Must identify and assess cybersecurity risks to network and information systems | E2: Annual risk assessment; documented information security policy approved by management | F2: Continuous risk monitoring; board-level risk governance; quantified risk metrics (e.g., FAIR) | G2: ⚖️ 📋
A3: 21.2.a | B3: Risk Analysis & Information Security Policies | C3: Information system security policies | D3: Must have comprehensive security policies covering all Article 21 measures | E3: Core security policies (acceptable use, access control, encryption); annual review | F3: Policy framework integrated with enterprise risk management; quarterly reviews; automated compliance monitoring | G3: 📋 🔄
A4: 21.2.b | B4: Incident Handling | C4: Incident detection capabilities | D4: Must have processes to detect cybersecurity incidents promptly | E4: Basic logging on critical systems; manual log review; incident classification matrix | F4: SIEM with correlation rules; automated threat detection; integration with threat intelligence | G4: 🔧 🔄
A5: 21.2.b | B5: Incident Handling | C5: 24-hour early warning | D5: Must notify CSIRT of significant incidents within 24 hours of becoming aware | E5: Manual notification procedure; incident severity matrix; contact list maintained | F5: Automated severity assessment; workflow automation for notifications; legal review integration | G5: 📋 🔄
A6: 21.2.b | B6: Incident Handling | C6: 72-hour detailed notification | D6: Must provide detailed incident report to CSIRT within 72 hours | E6: Incident report template; evidence collection checklist; notification procedure | F6: Automated evidence collection; integrated reporting workflow; lessons learned database | G6: 📋 🔄
A7: 21.2.b | B7: Incident Handling | C7: Incident response procedures | D7: Must have documented incident response and recovery procedures | E7: Incident response plan; defined roles and responsibilities; annual testing | F7: Playbooks for common scenarios; automated containment procedures; quarterly tabletop exercises | G7: 🔧 📋
A8: 21.2.c | B8: Business Continuity & Crisis Management | C8: Business continuity planning | D8: Must maintain business continuity to ensure availability of network and information systems | E8: Business impact analysis; documented continuity plans for critical systems; annual testing | F8: Comprehensive BCP across all critical services; automated failover; quarterly testing with metrics | G8: ⚖️ 📋
A9: 21.2.c | B9: Business Continuity & Crisis Management | C9: Backup management | D9: Must have backup systems and disaster recovery procedures | E9: Regular backups of critical data; documented recovery procedures; annual recovery testing | F9: Automated immutable backups; geo-redundant storage; continuous data protection; quarterly DR drills | G9: 🔧 🔄
A10: 21.2.c | B10: Business Continuity & Crisis Management | C10: Crisis management | D10: Must have crisis management procedures for cybersecurity incidents | E10: Crisis management plan; communication procedures; crisis team identified | F10: Integrated crisis command structure; automated stakeholder notifications; simulation exercises | G10: 📋
A11: 21.2.d | B11: Supply Chain Security | C11: Security requirements for suppliers | D11: Must address information security in supplier relationships | E11: Vendor security questionnaire; contractual security clauses; critical vendor inventory | F11: Risk-based vendor classification; continuous vendor monitoring; fourth-party risk assessment | G11: ⚖️ 🔄
A12: 21.2.d | B12: Supply Chain Security | C12: Third-party risk assessment | D12: Must assess cybersecurity risks posed by critical suppliers | E12: Annual vendor assessments; security requirements in contracts; documented approval process | F12: Automated vendor risk scoring; continuous monitoring; supply chain attack scenario planning | G12: ⚖️ 🔧
... A20: 21.2.k | B20: Multi-Factor Authentication | C20: MFA implementation | D20: Must use multi-factor or continuous authentication for internal staff, external ICT service management | E20: MFA enforced for VPN and privileged access; enrollment process documented | F20: Phishing-resistant MFA (FIDO2/WebAuthn); risk-based authentication; continuous authentication; MFA for all systems | G20: 🔧

Sheet Gap Assessment
A1: ID | B1: Measure | C1: Requirement | D1: Current Score (0-3) | E1: Evidence/Notes | F1: Gap Severity | G1: Target Date | H1: Owner
A2: 21.2.a | B2: Risk Analysis & Information Security Policies | C2: Policies for risk analysis | F2: =IF(D2="","Not Assessed",IF(D2=0,"Critical",IF(D2=1,"High",IF(D2=2,"Medium","Low")))) -> Not Assessed
A3: 21.2.a | B3: Risk Analysis & Information Security Policies | C3: Information system security policies | F3: =IF(D3="","Not Assessed",IF(D3=0,"Critical",IF(D3=1,"High",IF(D3=2,"Medium","Low")))) -> Not Assessed
A4: 21.2.b | B4: Incident Handling | C4: Incident detection capabilities | F4: =IF(D4="","Not Assessed",IF(D4=0,"Critical",IF(D4=1,"High",IF(D4=2,"Medium","Low")))) -> Not Assessed
A5: 21.2.b | B5: Incident Handling | C5: 24-hour early warning | F5: =IF(D5="","Not Assessed",IF(D5=0,"Critical",IF(D5=1,"High",IF(D5=2,"Medium","Low")))) -> Not Assessed
A6: 21.2.b | B6: Incident Handling | C6: 72-hour detailed notification | F6: =IF(D6="","Not Assessed",IF(D6=0,"Critical",IF(D6=1,"High",IF(D6=2,"Medium","Low")))) -> Not Assessed
A7: 21.2.b | B7: Incident Handling | C7: Incident response procedures | F7: =IF(D7="","Not Assessed",IF(D7=0,"Critical",IF(D7=1,"High",IF(D7=2,"Medium","Low")))) -> Not Assessed
A8: 21.2.c | B8: Business Continuity & Crisis Management | C8: Business continuity planning | F8: =IF(D8="","Not Assessed",IF(D8=0,"Critical",IF(D8=1,"High",IF(D8=2,"Medium","Low")))) -> Not Assessed
A9: 21.2.c | B9: Business Continuity & Crisis Management | C9: Backup management | F9: =IF(D9="","Not Assessed",IF(D9=0,"Critical",IF(D9=1,"High",IF(D9=2,"Medium","Low")))) -> Not Assessed
A10: 21.2.c | B10: Business Continuity & Crisis Management | C10: Crisis management | F10: =IF(D10="","Not Assessed",IF(D10=0,"Critical",IF(D10=1,"High",IF(D10=2,"Medium","Low")))) -> Not Assessed
A11: 21.2.d | B11: Supply Chain Security | C11: Security requirements for suppliers | F11: =IF(D11="","Not Assessed",IF(D11=0,"Critical",IF(D11=1,"High",IF(D11=2,"Medium","Low")))) -> Not Assessed
A12: 21.2.d | B12: Supply Chain Security | C12: Third-party risk assessment | F12: =IF(D12="","Not Assessed",IF(D12=0,"Critical",IF(D12=1,"High",IF(D12=2,"Medium","Low")))) -> Not Assessed
A13: 21.2.e | B13: Security in Network Acquisition | C13: Secure procurement | F13: =IF(D13="","Not Assessed",IF(D13=0,"Critical",IF(D13=1,"High",IF(D13=2,"Medium","Low")))) -> Not Assessed
... A20: 21.2.k | B20: Multi-Factor Authentication | C20: MFA implementation | F20: =IF(D20="","Not Assessed",IF(D20=0,"Critical",IF(D20=1,"High",IF(D20=2,"Medium","Low")))) -> Not Assessed
A23: Compliance Summary
A24: Average Maturity Score: | B24: =IFERROR(AVERAGE(D2:D21),"")
A25: Critical Gaps: | B25: =COUNTIF(F2:F21,"Critical") -> 0
A26: High Priority Gaps: | B26: =COUNTIF(F2:F21,"High") -> 0
A27: Controls at Target (Score 3): | B27: =COUNTIF(D2:D21,3) -> 0

Sheet GDPR Crosswalk
A1: Key Insight: Approximately 55% of NIS2 requirements overlap with GDPR obligations. Implementing NIS2 controls strategically can address both compliance frameworks simultaneously, reducing overall effort and cost.
A2: NIS2 ID | B2: NIS2 Requirement | C2: GDPR Article | D2: GDPR Requirement | E2: Overlap Description | F2: Efficiency Opportunity
A3: 21.2.a | B3: Risk analysis | C3: Art. 32 | D3: Security of processing | E3: Both require risk-based approach to security measures | F3: Single risk assessment process can satisfy both requirements; use same risk methodology
A4: 21.2.a | B4: Information security policies | C4: Art. 32 | D4: Security measures | E4: GDPR requires appropriate technical and organizational measures | F4: Information security policies cover GDPR security requirements; single policy framework
A5: 21.2.b | B5: Incident handling | C5: Art. 33 | D5: Breach notification | E5: Both require incident detection and notification procedures | F5: Integrated incident response covers both NIS2 and GDPR breach obligations; single incident log
A6: 21.2.b | B6: 72-hour notification | C6: Art. 33 | D6: 72-hour notification to DPA | E6: Same 72-hour timeframe for certain incidents | F6: Single notification workflow; determine if incident triggers both NIS2 and GDPR reporting
A7: 21.2.c | B7: Business continuity | C7: Art. 32(1)(c) | D7: Ability to restore availability | E7: Both require resilience and ability to restore access | F7: Business continuity plans covering both network availability and data availability
A8: 21.2.c | B8: Backup management | C8: Art. 32(1)(c) | D8: Ability to restore data | E8: Both require backup and recovery capabilities | F8: Single backup strategy meeting both requirements; recovery testing covers both
A9: 21.2.d | B9: Supply chain security | C9: Art. 28 | D9: Processor requirements | E9: Both require security assurances from third parties | F9: Vendor assessments cover both NIS2 supply chain and GDPR processor requirements; DPAs include security measures
A10: 21.2.g | B10: Cryptography | C10: Art. 32(1)(a) | D10: Pseudonymization and encryption | E10: Both reference encryption as appropriate security measure | F10: Single encryption policy and implementation covers both; key management serves both requirements
A11: 21.2.h | B11: Security training | C11: Art. 32(4) | D11: Measures to ensure ongoing security | E11: GDPR requires measures to ensure staff implement security | F11: Security awareness training program covers both requirements; single training curriculum
A12: 21.2.i | B12: Access control | C12: Art. 32(1)(b) | D12: Ability to ensure confidentiality | E12: Both require controls to prevent unauthorized access | F12: Access control policies and technical controls satisfy both; single IAM system
A13: 21.2.j | B13: Asset management | C13: Art. 30 | D13: Records of processing activities | E13: Asset inventory overlaps with data processing records | F13: IT asset inventory can be extended to track systems processing personal data; integrated CMDB

Sheet ISO 27001 Crosswalk
A1: Strategic Insight: NIS2 requirements align with ~75% of ISO 27001 Annex A controls. Organizations pursuing ISO 27001 certification gain significant head start on NIS2 compliance. Certification provides third-party validation useful for regulatory reporting.
A2: NIS2 ID | B2: NIS2 Requirement | C2: ISO 27001 Control | D2: Control Name | E2: Mapping Notes | F2: Certification Benefit
A3: 21.2.a | B3: Risk analysis | C3: 5.7 | D3: Threat intelligence | E3: NIS2 risk analysis aligns with ISO 27001 risk assessment methodology | F3: Risk assessment documentation serves both; ISO certification demonstrates compliance
A4: 21.2.a | B4: Security policies | C4: 5.1 | D4: Information security policies | E4: Direct mapping; ISO 27001 requires comprehensive security policies | F4: ISO policy framework satisfies NIS2 requirements; certification evidence
A5: 21.2.b | B5: Incident handling | C5: 5.24-5.28 | D5: Incident management controls | E5: ISO 27001 has extensive incident management requirements | F5: ISO incident management process covers NIS2; incident logs serve as evidence
A6: 21.2.c | B6: Business continuity | C6: 5.29-5.30 | D6: Availability controls | E6: ISO requires BC and disaster recovery planning | F6: ISO BC framework satisfies NIS2; testing documentation serves both
A7: 21.2.d | B7: Supply chain | C7: 5.19-5.22 | D7: Supplier relationships controls | E7: ISO 27001 requires supplier security management | F7: Supplier assessment process covers both; contracts include ISO requirements
A8: 21.2.e | B8: Secure acquisition | C8: 5.20 | D8: Addressing security in supplier agreements | E8: ISO requires security in supplier relationships | F8: Procurement process with ISO controls satisfies NIS2
A9: 21.2.f | B9: Vulnerability management | C9: 8.8 | D9: Management of technical vulnerabilities | E9: ISO requires vulnerability management program | F9: Vulnerability scanning and patching process covers both; evidence reusable
A10: 21.2.g | B10: Cryptography | C10: 8.24 | D10: Use of cryptography | E10: ISO requires cryptography policy and procedures | F10: Cryptographic controls documentation serves both frameworks
A11: 21.2.h | B11: HR security | C11: 6.1-6.6 | D11: People controls | E11: ISO has comprehensive people security requirements | F11: HR security processes cover NIS2; training records serve both
A12: 21.2.i | B12: Access control | C12: 5.15-5.18, 8.2-8.6 | D12: Access control suite | E12: Extensive ISO access control requirements align with NIS2 | F12: IAM implementation for ISO satisfies NIS2; access reviews serve both
A13: 21.2.j | B13: Asset management | C13: 5.9-5.14 | D13: Asset management controls | E13: ISO requires comprehensive asset management | F13: Asset inventory and classification process covers both frameworks
A14: 21.2.k | B14: Multi-factor authentication | C14: 5.17 | D14: Authentication information | E14: ISO requires strong authentication; MFA is best practice | F14: MFA implementation demonstrates ISO compliance and NIS2 compliance

Sheet Priority & Roadmap
A1: Implementation Roadmap: This phased approach prioritizes quick wins and regulatory compliance while building toward mature security posture. Timelines assume part-time internal resources + vCISO guidance.
A2: Phase | B2: Timeline | C2: NIS2 ID | D2: Requirement | E2: Rationale | F2: Dependencies | G2: Effort (Days) | H2: vCISO Support
A3: Phase 1 | B3: Months 0-3 | C3: 21.2.j | D3: Asset inventory | E3: Foundation for all other controls; quick win demonstrating progress | F3: None - starting point | G3: 10 | H3: Framework selection; classification scheme; tooling recommendations
A4: Phase 1 | B4: Months 0-3 | C4: 21.2.a | D4: Risk analysis & policies | E4: Required by regulation; establishes governance foundation | F4: Asset inventory | G4: 15 | H4: Risk methodology selection; policy framework design; board presentation
A5: Phase 1 | B5: Months 0-3 | C5: 21.2.b | D5: Basic incident handling | E5: Early warning required by law; demonstrates regulatory responsiveness | F5: Risk analysis | G5: 12 | H5: Incident classification; CSIRT contact procedures; notification templates
A6: Phase 1 | B6: Months 0-3 | C6: 21.2.k | D6: Multi-factor authentication | E6: Relatively easy technical control; high security value; explicitly required | F6: None - can parallel | G6: 8 | H6: Solution selection; phishing-resistant MFA guidance; rollout planning
A7: Phase 2 | B7: Months 3-6 | C7: 21.2.i | D7: Access control implementation | E7: Builds on MFA; critical for data protection | F7: MFA, Asset inventory | G7: 20 | H7: IAM architecture; role-based access design; PAM implementation
A8: Phase 2 | B8: Months 3-6 | C8: 21.2.f | D8: Vulnerability management | E8: Required for ongoing security; manageable scope | F8: Asset inventory | G8: 15 | H8: Tooling selection; risk-based prioritization; SLA definition
A9: Phase 2 | B9: Months 3-6 | C9: 21.2.g | D9: Cryptography implementation | E9: Technical control; required for data protection | F9: Asset inventory, Policies | G9: 18 | H9: Encryption strategy; key management design; implementation roadmap
A10: Phase 2 | B10: Months 3-6 | C10: 21.2.h | D10: Security awareness program | E10: Enables other controls; regulatory requirement | F10: Policies | G10: 10 | H10: Program design; content development; effectiveness measurement
A11: Phase 3 | B11: Months 6-12 | C11: 21.2.b | D11: Advanced incident response | E11: Mature incident capabilities beyond basic compliance | F11: Basic incident handling | G11: 25 | H11: Playbook development; tabletop exercises; CSIRT integration; automation
A12: Phase 3 | B12: Months 6-12 | C12: 21.2.c | D12: Business continuity & DR | E12: Complex; requires business involvement; builds on other controls | F12: Risk analysis, Asset inventory, Backup | G12: 30 | H12: BIA facilitation; RTO/RPO determination; plan development; testing coordination
A13: Phase 3 | B13: Months 6-12 | C13: 21.2.d | D13: Supply chain security program | E13: Most complex NIS2 requirement; requires mature processes | F13: Policies, Risk analysis, Asset inventory | G13: 35 | H13: Vendor classification; assessment program design; contractual terms; ongoing monitoring
A14: Phase 3 | B14: Months 6-12 | C14: 21.2.e | D14: Secure acquisition | E14: Process maturation; integration into procurement | F14: Policies, Supply chain program | G14: 15 | H14: Requirements development; procurement integration; security architecture review
G15: =SUM(G3:G14) -> 0
F17: Total Effort (Days): | G17: =SUM(G2:G13) -> 0

Sheet Compliance Dashboard
A1: NIS2 COMPLIANCE DASHBOARD
A3: Overall Compliance Status
A4: Average Maturity Score: | B4: =IFERROR('Gap Assessment'!B24,"")
A5: Target Maturity: | B5: 2.5
A6: Overall Progress: | B6: =IF(B4="","",B4/B5)
A8: Gap Analysis Summary
A9: Critical Gaps: | B9: ='Gap Assessment'!B25 -> 0
A10: High Priority Gaps: | B10: ='Gap Assessment'!B26 -> 0
A11: Controls at Target: | B11: ='Gap Assessment'!B27 -> 0
A13: Framework Integration
A14: GDPR Overlap Opportunities: | B14: 11 control areas
A15: ISO 27001 Alignment: | B15: 12 control families
A17: Implementation Timeline
A18: Phase 1 (0-3m): | B18: 4 requirements
A19: Phase 2 (3-6m): | B19: 4 requirements
A20: Phase 3 (6-12m): | B20: 4 requirements
A22: Estimated Effort
A23: Total Implementation Days: | B23: ='Priority & Roadmap'!G15 -> 0
A24: Recommended vCISO Engagement: | B24: 20-30% of total effort
A26: Next Steps
A27: 1. Complete Gap Assessment tab with current state scoring
A28: 2. Review crosswalks to identify efficiency opportunities
A29: 3. Customize implementation roadmap based on your priorities
A30: 4. Identify internal resources and vCISO support needs
A31: 5. Schedule executive presentation on compliance strategy
